article_id,product_code,prod_name,product_type_no,product_type_name,product_group_name,graphical_appearance_no,graphical_appearance_name,colour_group_code,colour_group_name,perceived_colour_value_id,perceived_colour_value_name,perceived_colour_master_id,perceived_colour_master_name,department_no,department_name,index_code,index_name,index_group_no,index_group_name,section_no,section_name,garment_group_no,garment_group_name,detail_desc
192460006,192460,Knit dress,265,Dress,Garment Full body,1010016,Solid,8,Dark Grey,4,Dark,12,Grey,5963,Tops Knitwear DS,D,Divided,2,Divided,58,Divided Selected,1003,Knitwear,"Short, fine-knit dress with a hood, waterfall neckline and long sleeves. Unlined."
202017055,202017,Rihanna dress,265,Dress,Garment Full body,1010017,Stripe,10,White,3,Light,9,White,1676,Jersey Basic,A,Ladieswear,1,Ladieswear,16,Womens Everyday Basics,1002,Jersey Basic,Short-sleeved dress in slub jersey with an elasticated waist and side pockets.
212629004,212629,Alcazar strap dress,265,Dress,Garment Full body,1010016,Solid,9,Black,4,Dark,5,Black,1643,Basic 1,D,Divided,2,Divided,51,Divided Basics,1002,Jersey Basic,"Long, sleeveless dress in jersey with narrow shoulder straps and an elasticated seam at the waist. Unlined."
212629031,212629,Alcazar strap dress,265,Dress,Garment Full body,1010016,Solid,93,Dark Green,4,Dark,19,Green,1643,Basic 1,D,Divided,2,Divided,51,Divided Basics,1002,Jersey Basic,"Long, sleeveless dress in jersey with narrow shoulder straps and an elasticated seam at the waist. Unlined."
212629032,212629,Alcazar strap dress,265,Dress,Garment Full body,1010016,Solid,53,Dark Pink,4,Dark,18,Red,1643,Basic 1,D,Divided,2,Divided,51,Divided Basics,1002,Jersey Basic,"Long, sleeveless dress in jersey with narrow shoulder straps and an elasticated seam at the waist. Unlined."
212629033,212629,Alcazar strap dress,265,Dress,Garment Full body,1010017,Stripe,10,White,3,Light,9,White,1643,Basic 1,D,Divided,2,Divided,51,Divided Basics,1002,Jersey Basic,"Long, sleeveless dress in jersey with narrow shoulder straps and an elasticated seam at the waist. Unlined."
212629035,212629,Alcazar strap dress,265,Dress,Garment Full body,1010016,Solid,42,Red,7,Medium,18,Red,1643,Basic 1,D,Divided,2,Divided,51,Divided Basics,1002,Jersey Basic,"Long, sleeveless dress in jersey with narrow shoulder straps and an elasticated seam at the waist. Unlined."
212629036,212629,Alcazar strap dress,265,Dress,Garment Full body,1010016,Solid,19,Greenish Khaki,2,Medium Dusty,20,Khaki green,1643,Basic 1,D,Divided,2,Divided,51,Divided Basics,1002,Jersey Basic,"Long, sleeveless dress in jersey with narrow shoulder straps and an elasticated seam at the waist. Unlined."
212629040,212629,Alcazar strap dress,265,Dress,Garment Full body,1010016,Solid,43,Dark Red,4,Dark,4,Pink,1643,Basic 1,D,Divided,2,Divided,51,Divided Basics,1002,Jersey Basic,"Long, sleeveless dress in jersey with narrow shoulder straps and an elasticated seam at the waist. Unlined."
212629043,212629,Alcazar strap dress,265,Dress,Garment Full body,1010016,Solid,42,Red,7,Medium,18,Red,1643,Basic 1,D,Divided,2,Divided,51,Divided Basics,1002,Jersey Basic,"Long, sleeveless dress in jersey with narrow shoulder straps and an elasticated seam at the waist. Unlined."
212629047,212629,Alcazar strap dress,265,Dress,Garment Full body,1010016,Solid,19,Greenish Khaki,2,Medium Dusty,20,Khaki green,1643,Basic 1,D,Divided,2,Divided,51,Divided Basics,1002,Jersey Basic,"Long, sleeveless dress in jersey with narrow shoulder straps and an elasticated seam at the waist. Unlined."
212629048,212629,Alcazar strap dress,265,Dress,Garment Full body,1010016,Solid,53,Dark Pink,4,Dark,18,Red,1643,Basic 1,D,Divided,2,Divided,51,Divided Basics,1002,Jersey Basic,"Long, sleeveless dress in jersey with narrow shoulder straps and an elasticated seam at the waist. Unlined."
212629049,212629,Alcazar strap dress,265,Dress,Garment Full body,1010016,Solid,32,Orange,5,Bright,3,Orange,1643,Basic 1,D,Divided,2,Divided,51,Divided Basics,1002,Jersey Basic,"Long, sleeveless dress in jersey with narrow shoulder straps and an elasticated seam at the waist. Unlined."
212629050,212629,Alcazar strap dress,265,Dress,Garment Full body,1010010,Melange,7,Grey,1,Dusty Light,12,Grey,1643,Basic 1,D,Divided,2,Divided,51,Divided Basics,1002,Jersey Basic,"Long, sleeveless dress in jersey with narrow shoulder straps and an elasticated seam at the waist. Unlined."
212629051,212629,Alcazar strap dress,265,Dress,Garment Full body,1010017,Stripe,10,White,3,Light,9,White,1643,Basic 1,D,Divided,2,Divided,51,Divided Basics,1002,Jersey Basic,"Long, sleeveless dress in jersey with narrow shoulder straps and an elasticated seam at the waist. Unlined."
220094001,220094,Aguilera maxidress,265,Dress,Garment Full body,1010016,Solid,9,Black,4,Dark,5,Black,1676,Jersey Basic,A,Ladieswear,1,Ladieswear,16,Womens Everyday Basics,1002,Jersey Basic,Strapless maxi dress in jersey with an elasticated seam at the waist and slits in the sides. Integral top with elastication at the top.
220094010,220094,Aguilera maxidress,265,Dress,Garment Full body,1010016,Solid,19,Greenish Khaki,2,Medium Dusty,20,Khaki green,1676,Jersey Basic,A,Ladieswear,1,Ladieswear,16,Womens Everyday Basics,1002,Jersey Basic,Strapless maxi dress in jersey with an elasticated seam at the waist and slits in the sides. Integral top with elastication at the top.
220094011,220094,Aguilera maxidress,265,Dress,Garment Full body,1010017,Stripe,73,Dark Blue,4,Dark,2,Blue,1676,Jersey Basic,A,Ladieswear,1,Ladieswear,16,Womens Everyday Basics,1002,Jersey Basic,Strapless maxi dress in jersey with an elasticated seam at the waist and slits in the sides. Integral top with elastication at the top.
220094015,220094,Aguilera maxidress,265,Dress,Garment Full body,1010001,All over pattern,12,Light Beige,1,Dusty Light,11,Beige,1676,Jersey Basic,A,Ladieswear,1,Ladieswear,16,Womens Everyday Basics,1002,Jersey Basic,Strapless maxi dress in jersey with an elasticated seam at the waist and slits in the sides. Integral top with elastication at the top.
220094016,220094,Aguilera maxidress,265,Dress,Garment Full body,1010017,Stripe,11,Off White,3,Light,9,White,1676,Jersey Basic,A,Ladieswear,1,Ladieswear,16,Womens Everyday Basics,1002,Jersey Basic,Strapless maxi dress in jersey with an elasticated seam at the waist and slits in the sides. Integral top with elastication at the top.
220094018,220094,Aguilera maxidress,265,Dress,Garment Full body,1010016,Solid,7,Grey,1,Dusty Light,12,Grey,1676,Jersey Basic,A,Ladieswear,1,Ladieswear,16,Womens Everyday Basics,1002,Jersey Basic,Strapless maxi dress in jersey with an elasticated seam at the waist and slits in the sides. Integral top with elastication at the top.
220094019,220094,Aguilera maxidress,265,Dress,Garment Full body,1010017,Stripe,72,Blue,2,Medium Dusty,2,Blue,1676,Jersey Basic,A,Ladieswear,1,Ladieswear,16,Womens Everyday Basics,1002,Jersey Basic,Strapless maxi dress in jersey with an elasticated seam at the waist and slits in the sides. Integral top with elastication at the top.
220094020,220094,Aguilera maxidress,265,Dress,Garment Full body,1010017,Stripe,63,Dark Purple,4,Dark,12,Grey,1676,Jersey Basic,A,Ladieswear,1,Ladieswear,16,Womens Everyday Basics,1002,Jersey Basic,Strapless maxi dress in jersey with an elasticated seam at the waist and slits in the sides. Integral top with elastication at the top.
220094021,220094,Aguilera maxidress,265,Dress,Garment Full body,1010016,Solid,33,Dark Orange,5,Bright,3,Orange,1676,Jersey Basic,A,Ladieswear,1,Ladieswear,16,Womens Everyday Basics,1002,Jersey Basic,Strapless maxi dress in jersey with an elasticated seam at the waist and slits in the sides. Integral top with elastication at the top.
254457030,254457,Basic SS dress,265,Dress,Garment Full body,1010001,All over pattern,51,Light Pink,1,Dusty Light,4,Pink,6515,Baby basics,G,Baby Sizes 50-98,4,Baby/Children,44,Baby Essentials & Complements,1002,Jersey Basic,Short-sleeved dress in soft organic cotton jersey.
254457031,254457,Basic SS dress,265,Dress,Garment Full body,1010017,Stripe,73,Dark Blue,4,Dark,2,Blue,6515,Baby basics,G,Baby Sizes 50-98,4,Baby/Children,44,Baby Essentials & Complements,1002,Jersey Basic,Short-sleeved dress in soft organic cotton jersey.
254457033,254457,Basic SS dress,265,Dress,Garment Full body,1010001,All over pattern,73,Dark Blue,4,Dark,2,Blue,6515,Baby basics,G,Baby Sizes 50-98,4,Baby/Children,44,Baby Essentials & Complements,1002,Jersey Basic,Short-sleeved dress in soft organic cotton jersey.
254457034,254457,Basic SS dress,265,Dress,Garment Full body,1010001,All over pattern,11,Off White,1,Dusty Light,9,White,6515,Baby basics,G,Baby Sizes 50-98,4,Baby/Children,44,Baby Essentials & Complements,1002,Jersey Basic,Short-sleeved dress in soft organic cotton jersey.
254457037,254457,Basic SS dress,265,Dress,Garment Full body,1010001,All over pattern,51,Light Pink,1,Dusty Light,4,Pink,6515,Baby basics,G,Baby Sizes 50-98,4,Baby/Children,44,Baby Essentials & Complements,1002,Jersey Basic,Short-sleeved dress in soft organic cotton jersey.
254457038,254457,Basic SS dress,265,Dress,Garment Full body,1010001,All over pattern,73,Dark Blue,4,Dark,2,Blue,6515,Baby basics,G,Baby Sizes 50-98,4,Baby/Children,44,Baby Essentials & Complements,1002,Jersey Basic,Short-sleeved dress in soft organic cotton jersey.
254457039,254457,Basic SS dress,265,Dress,Garment Full body,1010001,All over pattern,51,Light Pink,1,Dusty Light,4,Pink,6515,Baby basics,G,Baby Sizes 50-98,4,Baby/Children,44,Baby Essentials & Complements,1002,Jersey Basic,Short-sleeved dress in soft organic cotton jersey.
272591001,272591,Lena Rib Dress (1),265,Dress,Garment Full body,1010016,Solid,9,Black,4,Dark,5,Black,1643,Basic 1,D,Divided,2,Divided,51,Divided Basics,1002,Jersey Basic,"Fitted, sleeveless dress in ribbed jersey."
272591016,272591,Lena Rib Dress (1),265,Dress,Garment Full body,1010010,Melange,7,Grey,1,Dusty Light,12,Grey,1643,Basic 1,D,Divided,2,Divided,51,Divided Basics,1002,Jersey Basic,"Fitted, sleeveless dress in ribbed jersey."
272591023,272591,Lena Rib Dress (1),265,Dress,Garment Full body,1010010,Melange,93,Dark Green,7,Medium,19,Green,1643,Basic 1,D,Divided,2,Divided,51,Divided Basics,1002,Jersey Basic,"Fitted, sleeveless dress in ribbed jersey."
272591026,272591,Lena Rib Dress (1),265,Dress,Garment Full body,1010017,Stripe,10,White,3,Light,9,White,1643,Basic 1,D,Divided,2,Divided,51,Divided Basics,1002,Jersey Basic,"Fitted, sleeveless dress in ribbed jersey."
272591028,272591,Lena Rib Dress (1),265,Dress,Garment Full body,1010016,Solid,19,Greenish Khaki,2,Medium Dusty,20,Khaki green,1643,Basic 1,D,Divided,2,Divided,51,Divided Basics,1002,Jersey Basic,"Fitted, sleeveless dress in ribbed jersey."
272591029,272591,Lena Rib Dress (1),265,Dress,Garment Full body,1010016,Solid,32,Orange,5,Bright,3,Orange,1643,Basic 1,D,Divided,2,Divided,51,Divided Basics,1002,Jersey Basic,"Fitted, sleeveless dress in ribbed jersey."
276242019,276242,Dress LS Basic,265,Dress,Garment Full body,1010001,All over pattern,42,Red,7,Medium,18,Red,6515,Baby basics,G,Baby Sizes 50-98,4,Baby/Children,44,Baby Essentials & Complements,1002,Jersey Basic,"Long-sleeved dress in soft, patterned organic cotton jersey."
276242021,276242,Dress LS Basic,265,Dress,Garment Full body,1010001,All over pattern,42,Red,7,Medium,18,Red,6515,Baby basics,G,Baby Sizes 50-98,4,Baby/Children,44,Baby Essentials & Complements,1002,Jersey Basic,"Long-sleeved dress in soft, patterned organic cotton jersey."
276242022,276242,Dress LS Basic,265,Dress,Garment Full body,1010001,All over pattern,22,Yellow,7,Medium,8,Yellow,6515,Baby basics,G,Baby Sizes 50-98,4,Baby/Children,44,Baby Essentials & Complements,1002,Jersey Basic,"Long-sleeved dress in soft, patterned organic cotton jersey."
276242023,276242,Dress LS Basic,265,Dress,Garment Full body,1010001,All over pattern,73,Dark Blue,4,Dark,2,Blue,6515,Baby basics,G,Baby Sizes 50-98,4,Baby/Children,44,Baby Essentials & Complements,1002,Jersey Basic,"Long-sleeved dress in soft, patterned organic cotton jersey."
276242024,276242,Dress LS Basic,265,Dress,Garment Full body,1010001,All over pattern,51,Light Pink,1,Dusty Light,4,Pink,6515,Baby basics,G,Baby Sizes 50-98,4,Baby/Children,44,Baby Essentials & Complements,1002,Jersey Basic,"Long-sleeved dress in soft, patterned organic cotton jersey."
276242025,276242,Dress LS Basic,265,Dress,Garment Full body,1010001,All over pattern,22,Yellow,7,Medium,8,Yellow,6515,Baby basics,G,Baby Sizes 50-98,4,Baby/Children,44,Baby Essentials & Complements,1002,Jersey Basic,"Long-sleeved dress in soft, patterned organic cotton jersey."
276242026,276242,LS frill dress,265,Dress,Garment Full body,1010001,All over pattern,42,Red,7,Medium,18,Red,6515,Baby basics,G,Baby Sizes 50-98,4,Baby/Children,44,Baby Essentials & Complements,1002,Jersey Basic,"Long-sleeved dress in soft, patterned organic cotton jersey."
299733001,299733,Hilton,265,Dress,Garment Full body,1010016,Solid,9,Black,4,Dark,5,Black,1676,Jersey Basic,A,Ladieswear,1,Ladieswear,16,Womens Everyday Basics,1002,Jersey Basic,Strapless jersey dress with an elasticated waist. Inner top with elastication at the top.
299733007,299733,Hilton,265,Dress,Garment Full body,1010016,Solid,73,Dark Blue,2,Medium Dusty,2,Blue,1676,Jersey Basic,A,Ladieswear,1,Ladieswear,16,Womens Everyday Basics,1002,Jersey Basic,Strapless jersey dress with an elasticated waist. Inner top with elastication at the top.
299733008,299733,Hilton,265,Dress,Garment Full body,1010016,Solid,1,Other,6,Undefined,14,undefined,1676,Jersey Basic,A,Ladieswear,1,Ladieswear,16,Womens Everyday Basics,1002,Jersey Basic,Strapless jersey dress with an elasticated waist. Inner top with elastication at the top.
301656013,301656,Shirtdress Lou,265,Dress,Garment Full body,1010023,Denim,72,Blue,2,Medium Dusty,2,Blue,1773,Denim Other Garments,D,Divided,2,Divided,57,Ladies Denim,1016,Trousers Denim,"Long, straight-cut shirt in soft Tencel™ lyocell denim with a collar and buttons down the front. Chest pockets with a pleat, and long sleeves with buttoned cuffs."
301656017,301656,Shirtdress Lou,265,Dress,Garment Full body,1010023,Denim,92,Green,2,Medium Dusty,20,Khaki green,1773,Denim Other Garments,D,Divided,2,Divided,57,Ladies Denim,1016,Trousers Denim,"Long, straight-cut shirt in soft Tencel™ lyocell denim with a collar and buttons down the front. Chest pockets with a pleat, and long sleeves with buttoned cuffs."
301656018,301656,Lou Shirt Dress,265,Dress,Garment Full body,1010016,Solid,72,Blue,2,Medium Dusty,2,Blue,1779,Everyday Waredrobe Denim,A,Ladieswear,1,Ladieswear,57,Ladies Denim,1016,Trousers Denim,"Long, straight-cut shirt in soft Tencel™ lyocell denim with a collar and buttons down the front. Chest pockets with a pleat, and long sleeves with buttoned cuffs."
301656026,301656,Shirtdress Lou,265,Dress,Garment Full body,1010023,Denim,72,Blue,2,Medium Dusty,2,Blue,1773,Denim Other Garments,D,Divided,2,Divided,57,Ladies Denim,1016,Trousers Denim,"Long, straight-cut shirt in soft Tencel™ lyocell denim with a collar and buttons down the front. Chest pockets with a pleat, and long sleeves with buttoned cuffs."
301656028,301656,Shirtdress Lou,265,Dress,Garment Full body,1010023,Denim,72,Blue,2,Medium Dusty,2,Blue,1773,Denim Other Garments,D,Divided,2,Divided,57,Ladies Denim,1016,Trousers Denim,"Long, straight-cut shirt in soft Tencel™ lyocell denim with a collar and buttons down the front. Chest pockets with a pleat, and long sleeves with buttoned cuffs."
301656029,301656,Shirtdress Lou,265,Dress,Garment Full body,1010023,Denim,73,Dark Blue,2,Medium Dusty,2,Blue,1773,Denim Other Garments,D,Divided,2,Divided,57,Ladies Denim,1016,Trousers Denim,"Long, straight-cut shirt in soft Tencel™ lyocell denim with a collar and buttons down the front. Chest pockets with a pleat, and long sleeves with buttoned cuffs."
315352006,315352,Edit dress (1),265,Dress,Garment Full body,1010016,Solid,9,Black,4,Dark,5,Black,7930,Young Girl Jersey Basic,I,Children Sizes 134-170,4,Baby/Children,79,Girls Underwear & Basics,1002,Jersey Basic,"Dress in soft cotton jersey with 3/4-length sleeves, a seam at the waist and bell-shaped skirt."
315352008,315352,Edit dress (1),265,Dress,Garment Full body,1010001,All over pattern,43,Dark Red,4,Dark,18,Red,7930,Young Girl Jersey Basic,I,Children Sizes 134-170,4,Baby/Children,79,Girls Underwear & Basics,1002,Jersey Basic,"Dress in soft cotton jersey with 3/4-length sleeves, a seam at the waist and bell-shaped skirt."
316553025,316553,Washington dress,265,Dress,Garment Full body,1010016,Solid,9,Black,4,Dark,5,Black,1344,Dresses,D,Divided,2,Divided,53,Divided Collection,1013,Dresses Ladies,"Short jersey dress with narrow shoulder straps, a seam at the waist and bell-shaped skirt."
316553026,316553,Washington dress,265,Dress,Garment Full body,1010017,Stripe,10,White,3,Light,9,White,1344,Dresses,D,Divided,2,Divided,53,Divided Collection,1013,Dresses Ladies,"Short jersey dress with narrow shoulder straps, a seam at the waist and bell-shaped skirt."
316553027,316553,Washington dress,265,Dress,Garment Full body,1010016,Solid,19,Greenish Khaki,2,Medium Dusty,20,Khaki green,1344,Dresses,D,Divided,2,Divided,53,Divided Collection,1013,Dresses Ladies,"Short jersey dress with narrow shoulder straps, a seam at the waist and bell-shaped skirt."
316553030,316553,Washington dress,265,Dress,Garment Full body,1010016,Solid,21,Light Yellow,3,Light,8,Yellow,1344,Dresses,D,Divided,2,Divided,53,Divided Collection,1013,Dresses Ladies,"Short jersey dress with narrow shoulder straps, a seam at the waist and bell-shaped skirt."
331093001,331093,LEA jumpsuit,265,Dress,Garment Full body,1010016,Solid,9,Black,4,Dark,5,Black,1643,Basic 1,D,Divided,2,Divided,51,Divided Basics,1002,Jersey Basic,"Sleeveless jersey jumpsuit with a deep neckline at the back, elasticated seam at the waist, side pockets and tapered legs."
331093002,331093,LEA jumpsuit,265,Dress,Garment Full body,1010010,Melange,9,Black,4,Dark,12,Grey,1643,Basic 1,D,Divided,2,Divided,51,Divided Basics,1002,Jersey Basic,"Sleeveless jersey jumpsuit with a deep neckline at the back, elasticated seam at the waist, side pockets and tapered legs."
331093006,331093,LEA jumpsuit,265,Dress,Garment Full body,1010016,Solid,19,Greenish Khaki,2,Medium Dusty,20,Khaki green,1643,Basic 1,D,Divided,2,Divided,51,Divided Basics,1002,Jersey Basic,"Sleeveless jersey jumpsuit with a deep neckline at the back, elasticated seam at the waist, side pockets and tapered legs."
355421003,355421,Colette dress,265,Dress,Garment Full body,1010001,All over pattern,9,Black,4,Dark,5,Black,1343,Projects Dresses,D,Divided,2,Divided,50,Divided Projects,1013,Dresses Ladies,"Short, gently fitted dress in a patterned weave with a small stand-up collar, covered buttons at the back, long sleeves with a flounce at the cuffs and a flounce at the hem. Jersey lining."
355421004,355421,Colette dress,265,Dress,Garment Full body,1010001,All over pattern,73,Dark Blue,4,Dark,2,Blue,1343,Projects Dresses,D,Divided,2,Divided,50,Divided Projects,1013,Dresses Ladies,"Short, gently fitted dress in a patterned weave with a small stand-up collar, covered buttons at the back, long sleeves with a flounce at the cuffs and a flounce at the hem. Jersey lining."
374762001,374762,Wilma dress (1),265,Dress,Garment Full body,1010016,Solid,9,Black,4,Dark,5,Black,1643,Basic 1,D,Divided,2,Divided,51,Divided Basics,1002,Jersey Basic,"Short, sleeveless, fitted dress in jersey."
374762008,374762,Wilma dress (1),265,Dress,Garment Full body,1010017,Stripe,10,White,3,Light,9,White,1643,Basic 1,D,Divided,2,Divided,51,Divided Basics,1002,Jersey Basic,"Short, sleeveless, fitted dress in jersey."
374762021,374762,Wilma dress (1),265,Dress,Garment Full body,1010017,Stripe,9,Black,4,Dark,5,Black,1643,Basic 1,D,Divided,2,Divided,51,Divided Basics,1002,Jersey Basic,"Short, sleeveless, fitted dress in jersey."
383569008,383569,SPEED Pavlova dress,265,Dress,Garment Full body,1010016,Solid,9,Black,4,Dark,5,Black,1666,Jersey,A,Ladieswear,1,Ladieswear,11,Womens Tailoring,1005,Jersey Fancy,"Sleeveless, knee-length dress in pleated jersey with a V-neck and crossover, decorative straps at the back. Narrow elasticated seam at the waist and gently flared skirt. Unlined."
383569009,383569,SPEED Pavlova dress,265,Dress,Garment Full body,1010016,Solid,52,Pink,3,Light,4,Pink,1666,Jersey,A,Ladieswear,1,Ladieswear,11,Womens Tailoring,1005,Jersey Fancy,"Sleeveless, knee-length dress in pleated jersey with a V-neck and crossover, decorative straps at the back. Narrow elasticated seam at the waist and gently flared skirt. Unlined."
384654004,384654,Wanda Dress,265,Dress,Garment Full body,1010018,Treatment,9,Black,4,Dark,5,Black,5961,Dresses DS,D,Divided,2,Divided,58,Divided Selected,1013,Dresses Ladies,"Short T-shirt dress in soft jersey with short cap sleeves with sewn-in turn-ups, and a rounded hem. Slightly longer at the back."
384654009,384654,Wanda Dress,265,Dress,Garment Full body,1010008,Front print,9,Black,4,Dark,5,Black,5962,Jersey Fancy DS,D,Divided,2,Divided,58,Divided Selected,1005,Jersey Fancy,"Short T-shirt dress in soft jersey with short cap sleeves with sewn-in turn-ups, and a rounded hem. Slightly longer at the back."
384654011,384654,Wanda Dress,265,Dress,Garment Full body,1010018,Treatment,13,Beige,2,Medium Dusty,1,Mole,5962,Jersey Fancy DS,D,Divided,2,Divided,58,Divided Selected,1005,Jersey Fancy,"Short T-shirt dress in soft jersey with short cap sleeves with sewn-in turn-ups, and a rounded hem. Slightly longer at the back."
384654021,384654,Wanda Dress (1),265,Dress,Garment Full body,1010008,Front print,9,Black,4,Dark,5,Black,5961,Dresses DS,D,Divided,2,Divided,58,Divided Selected,1013,Dresses Ladies,"Short T-shirt dress in soft jersey with short cap sleeves with sewn-in turn-ups, and a rounded hem. Slightly longer at the back."
384654022,384654,Wanda Dress (1),265,Dress,Garment Full body,1010008,Front print,13,Beige,1,Dusty Light,1,Mole,5961,Dresses DS,D,Divided,2,Divided,58,Divided Selected,1013,Dresses Ladies,"Short T-shirt dress in soft jersey with short cap sleeves with sewn-in turn-ups, and a rounded hem. Slightly longer at the back."
384654023,384654,Wanda Dress,265,Dress,Garment Full body,1010008,Front print,9,Black,4,Dark,5,Black,5961,Dresses DS,D,Divided,2,Divided,58,Divided Selected,1013,Dresses Ladies,"Short T-shirt dress in soft jersey with short cap sleeves with sewn-in turn-ups, and a rounded hem. Slightly longer at the back."
401044002,401044,Cora Dress,265,Dress,Garment Full body,1010018,Treatment,8,Dark Grey,4,Dark,12,Grey,5961,Dresses DS,D,Divided,2,Divided,58,Divided Selected,1013,Dresses Ladies,"Short dress in a washed viscose weave with a round neck, short sleeves with sewn-in turn-ups, and a rounded hem. Slightly longer at the back."
401044004,401044,Cora Dress,265,Dress,Garment Full body,1010016,Solid,9,Black,4,Dark,5,Black,5961,Dresses DS,D,Divided,2,Divided,58,Divided Selected,1013,Dresses Ladies,"Short dress in a washed viscose weave with a round neck, short sleeves with sewn-in turn-ups, and a rounded hem. Slightly longer at the back."
401044012,401044,Cora Dress,265,Dress,Garment Full body,1010018,Treatment,19,Greenish Khaki,2,Medium Dusty,20,Khaki green,5961,Dresses DS,D,Divided,2,Divided,58,Divided Selected,1013,Dresses Ladies,"Short dress in a washed viscose weave with a round neck, short sleeves with sewn-in turn-ups, and a rounded hem. Slightly longer at the back."
401044019,401044,Cora Dress,265,Dress,Garment Full body,1010001,All over pattern,10,White,3,Light,9,White,5961,Dresses DS,D,Divided,2,Divided,58,Divided Selected,1013,Dresses Ladies,"Short dress in a washed viscose weave with a round neck, short sleeves with sewn-in turn-ups, and a rounded hem. Slightly longer at the back."
401044020,401044,Cora Dress,265,Dress,Garment Full body,1010016,Solid,53,Dark Pink,4,Dark,4,Pink,5961,Dresses DS,D,Divided,2,Divided,58,Divided Selected,1013,Dresses Ladies,"Short dress in a washed viscose weave with a round neck, short sleeves with sewn-in turn-ups, and a rounded hem. Slightly longer at the back."
401044021,401044,Cora Dress,265,Dress,Garment Full body,1010001,All over pattern,9,Black,4,Dark,5,Black,5961,Dresses DS,D,Divided,2,Divided,58,Divided Selected,1013,Dresses Ladies,"Short dress in a washed viscose weave with a round neck, short sleeves with sewn-in turn-ups, and a rounded hem. Slightly longer at the back."
401044029,401044,Cora Dress,265,Dress,Garment Full body,1010016,Solid,43,Dark Red,4,Dark,18,Red,5961,Dresses DS,D,Divided,2,Divided,58,Divided Selected,1013,Dresses Ladies,"Short dress in a washed viscose weave with a round neck, short sleeves with sewn-in turn-ups, and a rounded hem. Slightly longer at the back."
401044031,401044,Cora Dress,265,Dress,Garment Full body,1010001,All over pattern,13,Beige,2,Medium Dusty,11,Beige,5961,Dresses DS,D,Divided,2,Divided,58,Divided Selected,1013,Dresses Ladies,"Short dress in a washed viscose weave with a round neck, short sleeves with sewn-in turn-ups, and a rounded hem. Slightly longer at the back."
401044032,401044,Cora Dress,265,Dress,Garment Full body,1010016,Solid,53,Dark Pink,2,Medium Dusty,4,Pink,5961,Dresses DS,D,Divided,2,Divided,58,Divided Selected,1013,Dresses Ladies,"Short dress in a washed viscose weave with a round neck, short sleeves with sewn-in turn-ups, and a rounded hem. Slightly longer at the back."
401044034,401044,Cora Dress,265,Dress,Garment Full body,1010001,All over pattern,9,Black,4,Dark,5,Black,5961,Dresses DS,D,Divided,2,Divided,58,Divided Selected,1013,Dresses Ladies,"Short dress in a washed viscose weave with a round neck, short sleeves with sewn-in turn-ups, and a rounded hem. Slightly longer at the back."
401044037,401044,Cora Dress,265,Dress,Garment Full body,1010001,All over pattern,10,White,3,Light,9,White,5961,Dresses DS,D,Divided,2,Divided,58,Divided Selected,1013,Dresses Ladies,"Short dress in a washed viscose weave with a round neck, short sleeves with sewn-in turn-ups, and a rounded hem. Slightly longer at the back."
401044038,401044,Cora Dress,265,Dress,Garment Full body,1010001,All over pattern,93,Dark Green,4,Dark,19,Green,5961,Dresses DS,D,Divided,2,Divided,58,Divided Selected,1013,Dresses Ladies,"Short dress in a washed viscose weave with a round neck, short sleeves with sewn-in turn-ups, and a rounded hem. Slightly longer at the back."
406181002,406181,Newman dress,265,Dress,Garment Full body,1010001,All over pattern,11,Off White,1,Dusty Light,9,White,1343,Projects Dresses,D,Divided,2,Divided,50,Divided Projects,1013,Dresses Ladies,"Strapless dress in a crinkled, patterned weave with elastication and a flounce at the top, an elasticated waist and a flounce at the hem. Longer at the back. Unlined."
406979005,406979,Corinne jumpsuit,265,Dress,Garment Full body,1010001,All over pattern,51,Light Pink,1,Dusty Light,4,Pink,1343,Projects Dresses,D,Divided,2,Divided,50,Divided Projects,1013,Dresses Ladies,"Playsuit in woven fabric with decorative lace trims, a wrapover front with a concealed press-stud, narrow adjustable shoulder straps that cross at the back and an elasticated waist. Smocking at the back, side pockets and short legs. Lined at the top."
406979007,406979,Corinne jumpsuit,265,Dress,Garment Full body,1010016,Solid,51,Light Pink,1,Dusty Light,4,Pink,1343,Projects Dresses,D,Divided,2,Divided,50,Divided Projects,1013,Dresses Ladies,"Playsuit in woven fabric with decorative lace trims, a wrapover front with a concealed press-stud, narrow adjustable shoulder straps that cross at the back and an elasticated waist. Smocking at the back, side pockets and short legs. Lined at the top."
406987003,406987,Tony woven jumpsuit,265,Dress,Garment Full body,1010001,All over pattern,71,Light Blue,3,Light,2,Blue,1343,Projects Dresses,D,Divided,2,Divided,50,Divided Projects,1013,Dresses Ladies,"Off-the-shoulder playsuit in an airy, patterned weave with a flounce at the top, an elasticated seam at the waist and short legs. Lined."
424254005,424254,Chung woven dress,265,Dress,Garment Full body,1010016,Solid,43,Dark Red,4,Dark,18,Red,1343,Projects Dresses,D,Divided,2,Divided,50,Divided Projects,1013,Dresses Ladies,"Short dress in a crêpe weave with a collar and cuffs in lace. The dress has pleats at the top, a concealed zip at the back, long sleeves, a seam at the waist and gently flared skirt. Unlined."
433252004,433252,Beatle dress,265,Dress,Garment Full body,1010016,Solid,9,Black,4,Dark,5,Black,1344,Dresses,D,Divided,2,Divided,53,Divided Collection,1013,Dresses Ladies,"Short dress in ribbed jersey with an opening with a covered button at the back of the neck, 3/4-length sleeves and flared skirt."
433252005,433252,Beatle dress,265,Dress,Garment Full body,1010010,Melange,8,Dark Grey,4,Dark,12,Grey,1344,Dresses,D,Divided,2,Divided,53,Divided Collection,1013,Dresses Ladies,"Short dress in ribbed jersey with an opening with a covered button at the back of the neck, 3/4-length sleeves and flared skirt."
437129005,437129,Zoey woven dress,265,Dress,Garment Full body,1010016,Solid,43,Dark Red,4,Dark,18,Red,1343,Projects Dresses,D,Divided,2,Divided,50,Divided Projects,1013,Dresses Ladies,"Short dress in viscose crêpe with lace insets. The dress has an opening with a button at the back of the neck, long sleeves and yoke in mesh, a concealed zip in the side and gentle flare to the hem. Unlined."
442992005,442992,Maserati dress,265,Dress,Garment Full body,1010001,All over pattern,1,Other,6,Undefined,14,undefined,2033,Woven Tops,A,Ladieswear,1,Ladieswear,8,Mama,1010,Blouses,Sleeveless dress in a crêpe weave with decorative gathers at the top. Elasticated seam under the bust and an opening with a hook-and-eye fastener at the back of the neck. Lined.
442992006,442992,Maserati dress,265,Dress,Garment Full body,1010016,Solid,42,Red,5,Bright,18,Red,2033,Woven Tops,A,Ladieswear,1,Ladieswear,8,Mama,1010,Blouses,Sleeveless dress in a crêpe weave with decorative gathers at the top. Elasticated seam under the bust and an opening with a hook-and-eye fastener at the back of the neck. Lined.
444325004,444325,Tiffany dress,265,Dress,Garment Full body,1010016,Solid,9,Black,4,Dark,5,Black,1643,Basic 1,D,Divided,2,Divided,51,Divided Basics,1002,Jersey Basic,"Short, fitted dress in ribbed viscose jersey with a turtle neck and long sleeves."
444325006,444325,Tiffany dress,265,Dress,Garment Full body,1010016,Solid,19,Greenish Khaki,4,Dark,20,Khaki green,1643,Basic 1,D,Divided,2,Divided,51,Divided Basics,1002,Jersey Basic,"Short, fitted dress in ribbed viscose jersey with a turtle neck and long sleeves."
444325007,444325,Tiffany dress,265,Dress,Garment Full body,1010010,Melange,52,Pink,2,Medium Dusty,4,Pink,1643,Basic 1,D,Divided,2,Divided,51,Divided Basics,1002,Jersey Basic,"Short, fitted dress in ribbed viscose jersey with a turtle neck and long sleeves."
